study_accession	experiment_accession	run_accession	taxon_id	library_selection	library_layout	library_strategy	library_source	library_name	adapter_spec	bases	spots	avg_read_length	pass1_adapter	pass1_total_reads_processed	pass1_reads_with_adapters	pass2_adapter	pass2_total_reads_processed	pass2_reads_with_adapters	mapping_total_reads_input	uniquely_mapped	uniquely_mapped_percent
SRP098789	SRX2536403	SRR5227288	9606	other	SINGLE - 	OTHER	TRANSCRIPTOMIC			2.1 B	42082855	50.0	AGATCGGAAGAGC	42.1 M	40.0 M	GCTGTAGGCACCATCAAT	41.2 M	39.2 M	40.8 M	6.9 M	16.87
SRP098789	SRX2536404	SRR5227289	9606	other	SINGLE - 	OTHER	TRANSCRIPTOMIC			2.1 B	41657461	50.0	AGATCGGAAGAGC	41.7 M	38.2 M	GCTGTAGGCACCATCAAT	40.0 M	38.9 M	39.7 M	9.0 M	22.64
SRP098789	SRX2536405	SRR5227290	9606	other	SINGLE - 	OTHER	TRANSCRIPTOMIC			2.0 B	40462973	50.0	AGATCGGAAGAGC	40.5 M	35.0 M	CTGTAGGCACCATCAAT	39.7 M	39.3 M	39.6 M	7.9 M	20.04
SRP098789	SRX2536406	SRR5227291	9606	other	SINGLE - 	OTHER	TRANSCRIPTOMIC			2.1 B	41143319	50.0	AGATCGGAAGAGC	41.1 M	37.1 M	CTGTAGGCACCATCAAT	40.5 M	40.1 M	40.4 M	9.1 M	22.52
SRP098789	SRX2536407	SRR5227292	9606	other	SINGLE - 	OTHER	TRANSCRIPTOMIC			3.0 B	60552437	50.0	AGATCGGAAGAGC	60.6 M	50.5 M	GCTGTAGGCACCATCAAT	58.7 M	56.7 M	58.3 M	18.0 M	30.96
SRP098789	SRX2536408	SRR5227293	9606	other	SINGLE - 	OTHER	TRANSCRIPTOMIC			2.1 B	42709138	50.0	AGATCGGAAGAGC	42.7 M	38.4 M	TCTGTAGGCACCATCAAT	41.6 M	41.1 M	41.3 M	7.1 M	17.28
SRP098789	SRX2536409	SRR5227294	9606	other	SINGLE - 	OTHER	TRANSCRIPTOMIC			3.8 B	76002122	50.0	AGATCGGAAGAGC	76.0 M	65.6 M	TCTGTAGGCACCATCAAT	74.7 M	73.9 M	74.5 M	14.2 M	19.09
SRP098789	SRX2536410	SRR5227295	9606	other	SINGLE - 	OTHER	TRANSCRIPTOMIC			2.3 B	46137148	50.0	AGATCGGAAGAGC	46.1 M	36.5 M	CTGTAGGCACCATCAAT	45.1 M	44.2 M	45.0 M	11.2 M	24.9
SRP098789	SRX2536411	SRR5227296	9606	other	SINGLE - 	OTHER	TRANSCRIPTOMIC			2.6 B	52737784	50.0	AGATCGGAAGAGC	52.7 M	47.9 M	GCTGTAGGCACCATCAAT	51.9 M	50.0 M	51.8 M	7.8 M	15.08
SRP098789	SRX2536412	SRR5227297	9606	other	SINGLE - 	OTHER	TRANSCRIPTOMIC			3.0 B	60381365	50.0	AGATCGGAAGAGC	60.4 M	54.2 M	CTGTAGGCACCATCAAT	59.2 M	58.8 M	58.9 M	17.8 M	30.16
SRP098789	SRX2536413	SRR5227298	9606	other	SINGLE - 	OTHER	TRANSCRIPTOMIC			2.5 B	49334392	50.0	AGATCGGAAGAGC	49.3 M	45.9 M	AGACGACCTGCTTCTGTAGGCACCATCAAT	48.7 M	19.2 M	30.0 M	876.2 K	2.92
SRP098789	SRX2536414	SRR5227299	9606	other	SINGLE - 	OTHER	TRANSCRIPTOMIC			2.4 B	48766213	50.0	AGATCGGAAGAGC	48.8 M	45.2 M	CTGTAGGCACCATCAAT	47.7 M	47.5 M	47.5 M	9.8 M	20.53
SRP098789	SRX2536415	SRR5227300	9606	other	SINGLE - 	OTHER	TRANSCRIPTOMIC			1.5 B	30043362	50.0	AGATCGGAAGAGC	30.0 M	27.7 M	CTGTAGGCACCATCAAT	29.6 M	29.4 M	29.5 M	11.1 M	37.65
SRP098789	SRX2536416	SRR5227301	9606	other	SINGLE - 	OTHER	TRANSCRIPTOMIC			2.5 B	49129512	50.0	AGATCGGAAGAGC	49.1 M	45.0 M	CTGTAGGCACCATCAAT	48.1 M	47.9 M	47.9 M	10.7 M	22.24
SRP098789	SRX2536417	SRR5227302	9606	other	SINGLE - 	OTHER	TRANSCRIPTOMIC			2.2 B	44258180	50.0	AGATCGGAAGAGC	44.3 M	40.5 M	GCTGTAGGCACCATCAAT	43.5 M	42.1 M	43.4 M	13.8 M	31.91
SRP098789	SRX2536418	SRR5227303	9606	other	SINGLE - 	OTHER	TRANSCRIPTOMIC			2.5 B	50956178	50.0	AGATCGGAAGAGC	51.0 M	41.8 M	TCTGTAGGCACCATCAAT	50.1 M	49.4 M	49.9 M	5.5 M	10.97
SRP098789	SRX2536419	SRR5227304	9606	other	SINGLE - 	OTHER	TRANSCRIPTOMIC			2.4 B	47139057	50.0	AGATCGGAAGAGC	47.1 M	43.7 M	CTGTAGGCACCATCAAT	46.3 M	46.1 M	46.3 M	13.9 M	30.1
SRP098789	SRX2536420	SRR5227305	9606	other	SINGLE - 	OTHER	TRANSCRIPTOMIC			2.4 B	48405034	50.0	AGATCGGAAGAGC	48.4 M	44.6 M	CTGTAGGCACCATCAAT	47.6 M	47.2 M	47.2 M	9.2 M	19.51
SRP098789	SRX2536421	SRR5227306	9606	other	SINGLE - 	OTHER	TRANSCRIPTOMIC			2.9 B	57588015	51.0	AGATCGGAAGAGC	57.6 M	54.3 M	GCTGTAGGCACCATCAAT	57.4 M	55.3 M	57.3 M	10.3 M	17.93
SRP098789	SRX2536422	SRR5227307	9606	cDNA	SINGLE - 	RNA-Seq	TRANSCRIPTOMIC			3.4 B	66480991	51.0	AGATCGGAAGAGC	66.5 M	61.4 M	GCTGTAGGCACCATCAAT	66.2 M	62.9 M	66.0 M	11.7 M	17.68
SRP098789	SRX2536423	SRR5227308	9606	other	SINGLE - 	OTHER	TRANSCRIPTOMIC			3.3 B	65591217	51.0	AGATCGGAAGAGC	65.6 M	60.4 M	GCTGTAGGCACCATCAAT	65.6 M	62.8 M	65.5 M	11.4 M	17.32
SRP098789	SRX2536424	SRR5227309	9606	cDNA	SINGLE - 	RNA-Seq	TRANSCRIPTOMIC			2.0 B	40062613	51.0	AGATCGGAAGAGC	40.1 M	37.5 M	GCTGTAGGCACCATCAAT	40.0 M	38.2 M	40.0 M	7.2 M	18.11
SRP098789	SRX2536425	SRR5227310	9606	other	SINGLE - 	OTHER	TRANSCRIPTOMIC			3.4 B	66363585	51.0	AGATCGGAAGAGC	66.4 M	61.1 M	CTGTAGGCACCATCAAT	65.9 M	65.6 M	65.7 M	28.6 M	43.51
SRP098789	SRX2536426	SRR5227311	9606	cDNA	SINGLE - 	RNA-Seq	TRANSCRIPTOMIC			3.2 B	63720205	51.0	AGATCGGAAGAGC	63.7 M	57.7 M	ACTGTAGGCACCATCAAT	63.5 M	61.6 M	63.4 M	25.4 M	40.11
SRP098789	SRX2536427	SRR5227312	9606	other	SINGLE - 	OTHER	TRANSCRIPTOMIC			3.0 B	58065134	51.0	AGATCGGAAGAGC	58.1 M	51.5 M	CTGTAGGCACCATCAAT	58.0 M	57.8 M	57.9 M	23.4 M	40.35
SRP098789	SRX2536428	SRR5227313	9606	cDNA	SINGLE - 	RNA-Seq	TRANSCRIPTOMIC			3.5 B	69422931	51.0	AGATCGGAAGAGC	69.4 M	60.5 M	CTGTAGGCACCATCAAT	69.2 M	69.0 M	69.2 M	31.0 M	44.77
